<?xml version="1.0" encoding="UTF-8"?>
<project-private xmlns="http://www.netbeans.org/ns/project-private/1">
    <editor-bookmarks xmlns="http://www.netbeans.org/ns/editor-bookmarks/2" lastBookmarkId="0"/>
    <open-files xmlns="http://www.netbeans.org/ns/projectui-open-files/2">
        <group>
            <file>file:/C:/Users/Mehedi/Documents/NetBeansProjects/LibraryManagementSystem/src/ShowBook.java</file>
            <file>file:/C:/Users/Mehedi/Documents/NetBeansProjects/LibraryManagementSystem/src/Loading.java</file>
            <file>file:/C:/Users/Mehedi/Documents/NetBeansProjects/LibraryManagementSystem/src/JavaConnect.java</file>
            <file>file:/C:/Users/Mehedi/Documents/NetBeansProjects/LibraryManagementSystem/src/IssuedBook.java</file>
            <file>file:/C:/Users/Mehedi/Documents/NetBeansProjects/LibraryManagementSystem/src/SignUp.java</file>
            <file>file:/C:/Users/Mehedi/Documents/NetBeansProjects/LibraryManagementSystem/src/Staticshome.java</file>
            <file>file:/C:/Users/Mehedi/Documents/NetBeansProjects/LibraryManagementSystem/src/NewStudent.java</file>
            <file>file:/C:/Users/Mehedi/Documents/NetBeansProjects/LibraryManagementSystem/src/JavaMail.java</file>
            <file>file:/C:/Users/Mehedi/Documents/NetBeansProjects/LibraryManagementSystem/src/ShowStudent.java</file>
            <file>file:/C:/Users/Mehedi/Documents/NetBeansProjects/LibraryManagementSystem/src/ReturnBook.java</file>
            <file>file:/C:/Users/Mehedi/Documents/NetBeansProjects/LibraryManagementSystem/src/Home.java</file>
            <file>file:/C:/Users/Mehedi/Documents/NetBeansProjects/LibraryManagementSystem/src/IssueDetails.java</file>
            <file>file:/C:/Users/Mehedi/Documents/NetBeansProjects/LibraryManagementSystem/src/NewBook.java</file>
            <file>file:/C:/Users/Mehedi/Documents/NetBeansProjects/LibraryManagementSystem/src/IssueBook.java</file>
            <file>file:/C:/Users/Mehedi/Documents/NetBeansProjects/LibraryManagementSystem/src/Login.java</file>
            <file>file:/C:/Users/Mehedi/Documents/NetBeansProjects/LibraryManagementSystem/src/Overall.java</file>
            <file>file:/C:/Users/Mehedi/Documents/NetBeansProjects/LibraryManagementSystem/src/Mail.java</file>
        </group>
    </open-files>
</project-private>
